{"base_files_url": "https://raw.githubusercontent.com/TheJesusFish/Blackwine-SegaSystem1-2_MiSTer/04dc0976150a1fbc5e2ca6fb0c5e5d52dc3c8a02/", "db_id": "TheJesusFish/Blackwine-SegaSystem1-2_MiSTer", "db_url": "https://raw.githubusercontent.com/TheJesusFish/Blackwine-SegaSystem1-2_MiSTer/db/db.json.zip", "files": {"_Arcade/Brain.mra": {"hash": "7434b3a832b02f946c909c5ec256643b", "size": 2207, "tags": [11, 18, 22, 23, 24, 25, 26]}, "_Arcade/Choplifter (unprotected).mra": {"hash": "7437ac920b16afb58375faf0abd32fcb", "size": 2397, "tags": [11, 18, 22, 23, 24, 25, 26]}, "_Arcade/Dakkochan House (MC-8123).mra": {"hash": "2948d96e339101aec26d45e55cd806d8", "size": 2335, "tags": [11, 18, 22, 23, 24, 25, 26, 27]}, "_Arcade/Gardia (317-0006).mra": {"hash": "05ad9c9ac1bcdc793b324bc2e96b158d", "size": 3208, "tags": [13, 15, 18, 22, 23, 24, 25, 26]}, "_Arcade/Heavy Metal (315-5135).mra": {"hash": "2723558aa12fb15aa3cc87a7954bedc3", "size": 2852, "tags": [11, 18, 22, 23, 24, 25, 26]}, "_Arcade/Noboranka (bootleg).mra": {"hash": "cd1a333581c7709f214132b02c39d003", "size": 2402, "tags": [13, 15, 18, 22, 23, 24, 25, 26]}, "_Arcade/cores/Blackwine-SegaSystem1-2_20251102.rbf": {"hash": "b0e844b1324e8a845bdccba37f548aa2", "size": 3947320, "tags": [18, 23, 28, 29], "tangle": ["blackwine-segasystem1-2_core"]}}, "folders": {"_Arcade": {"tags": [18]}, "_Arcade/cores": {"tags": [18, 28]}}, "tag_dictionary": {"arcade": 18, "arcadeblackwinesegasystem12": 23, "arcadecores": 18, "arcaderbfsonly": 29, "controls2buttons": 24, "controls2players": 27, "controlsmove8way": 25, "cores": 28, "mra": 22, "screenhorizontalscanrate15khz": 26, "screennotate": 11, "screenrotationhorizontal": 11, "screenrotationverticalccw": 13, "screenrotationverticalccwnoflip": 15, "screentateccw": 13, "screentateccwnoflip": 15}, "timestamp": 1769551790}